{
  "manifest": {
    "apis": {
      "custom": {
        "endpoint": {
          "uri": "arn:aws:lambda:us-east-1:671727361140:function:bc134d8e-9456-494c-913f-114bdbbbe12f:Release_0"
        },
        "interfaces": [],
        "regions": {
          "NA": {
            "endpoint": {
              "uri": "arn:aws:lambda:us-east-1:671727361140:function:bc134d8e-9456-494c-913f-114bdbbbe12f:Release_0"
            }
          },
          "EU": {
            "endpoint": {
              "uri": "arn:aws:lambda:eu-west-1:671727361140:function:bc134d8e-9456-494c-913f-114bdbbbe12f:Release_0"
            }
          },
          "FE": {
            "endpoint": {
              "uri": "arn:aws:lambda:us-west-2:671727361140:function:bc134d8e-9456-494c-913f-114bdbbbe12f:Release_0"
            }
          }
        }
      }
    },
    "manifestVersion": "1.0",
    "publishingInformation": {
      "category": "KNOWLEDGE_AND_TRIVIA",
      "distributionCountries": [],
      "isAvailableWorldwide": true,
      "locales": {
        "es-ES": {
          "name": "Home Orientation"
        },
        "en-GB": {
          "name": "Home Orientation"
        }
      },
      "testingInstructions": "Sample Testing Instructions."
    }
  }
}